Code Domaine,Domaine,Code zone (M49),Zone,Code Élément,Élément,Code Produit,Produit,Code année,Année,Unité,Valeur,Symbole,Description du Symbole,Note
"FS","Données de la sécurité alimentaire","528","Pays-Bas (Royaume des)","6132","Valeur","210011","Nombre de personnes sous-alimentées (millions) (moyenne sur 3 ans)","20162018","2016-2018","millions No","","Q","Valeur manquante; supprimée",""
"FS","Données de la sécurité alimentaire","004","Afghanistan","6132","Valeur","210011","Nombre de personnes sous-alimentées (millions) (moyenne sur 3 ans)","20162018","2016-2018","millions No","8.1","E","Valeur estimée",""
"FS","Données de la sécurité alimentaire","710","Afrique du Sud","6132","Valeur","210011","Nombre de personnes sous-alimentées (millions) (moyenne sur 3 ans)","20162018","2016-2018","millions No","3.2","E","Valeur estimée",""
"FS","Données de la sécurité alimentaire","008","Albanie","6132","Valeur","210011","Nombre de personnes sous-alimentées (millions) (moyenne sur 3 ans)","20162018","2016-2018","millions No","0.1","E","Valeur estimée",""
"FS","Données de la sécurité alimentaire","012","Algérie","6132","Valeur","210011","Nombre de personnes sous-alimentées (millions) (moyenne sur 3 ans)","20162018","2016-2018","millions No","1.1","E","Valeur estimée",""
"FS","Données de la sécurité alimentaire","276","Allemagne","6132","Valeur","210011","Nombre de personnes sous-alimentées (millions) (moyenne sur 3 ans)","20162018","2016-2018","millions No","","Q","Valeur manquante; supprimée",""
"FS","Données de la sécurité alimentaire","020","Andorre","6132","Valeur","210011","Nombre de personnes sous-alimentées (millions) (moyenne sur 3 ans)","20162018","2016-2018","millions No","","O","Valeur manquante",""
"FS","Données de la sécurité alimentaire","024","Angola","6132","Valeur","210011","Nombre de personnes sous-alimentées (millions) (moyenne sur 3 ans)","20162018","2016-2018","millions No","4.4","E","Valeur estimée",""
"FS","Données de la sécurité alimentaire","028","Antigua-et-Barbuda","6132","Valeur","210011","Nombre de personnes sous-alimentées (millions) (moyenne sur 3 ans)","20162018","2016-2018","millions No","","O","Valeur manquante",""
"FS","Données de la sécurité alimentaire","682","Arabie saoudite","6132","Valeur","210011","Nombre de personnes sous-alimentées (millions) (moyenne sur 3 ans)","20162018","2016-2018","millions No","1.5","E","Valeur estimée",""
"FS","Données de la sécurité alimentaire","032","Argentine","6132","Valeur","210011","Nombre de personnes sous-alimentées (millions) (moyenne sur 3 ans)","20162018","2016-2018","millions No","1.4","E","Valeur estimée",""
"FS","Données de la sécurité alimentaire","051","Arménie","6132","Valeur","210011","Nombre de personnes sous-alimentées (millions) (moyenne sur 3 ans)","20162018","2016-2018","millions No","","Q","Valeur manquante; supprimée",""
"FS","Données de la sécurité alimentaire","036","Australie","6132","Valeur","210011","Nombre de personnes sous-alimentées (millions) (moyenne sur 3 ans)","20162018","2016-2018","millions No","","Q","Valeur manquante; supprimée",""
"FS","Données de la sécurité alimentaire","040","Autriche","6132","Valeur","210011","Nombre de personnes sous-alimentées (millions) (moyenne sur 3 ans)","20162018","2016-2018","millions No","","Q","Valeur manquante; supprimée",""
"FS","Données de la sécurité alimentaire","031","Azerbaïdjan","6132","Valeur","210011","Nombre de personnes sous-alimentées (millions) (moyenne sur 3 ans)","20162018","2016-2018","millions No","","Q","Valeur manquante; supprimée",""
"FS","Données de la sécurité alimentaire","044","Bahamas","6132","Valeur","210011","Nombre de personnes sous-alimentées (millions) (moyenne sur 3 ans)","20162018","2016-2018","millions No","","O","Valeur manquante",""
"FS","Données de la sécurité alimentaire","048","Bahreïn","6132","Valeur","210011","Nombre de personnes sous-alimentées (millions) (moyenne sur 3 ans)","20162018","2016-2018","millions No","","O","Valeur manquante",""
"FS","Données de la sécurité alimentaire","050","Bangladesh","6132","Valeur","210011","Nombre de personnes sous-alimentées (millions) (moyenne sur 3 ans)","20162018","2016-2018","millions No","22","E","Valeur estimée",""
"FS","Données de la sécurité alimentaire","052","Barbade","6132","Valeur","210011","Nombre de personnes sous-alimentées (millions) (moyenne sur 3 ans)","20162018","2016-2018","millions No","<0.1","E","Valeur estimée",""
"FS","Données de la sécurité alimentaire","112","Bélarus","6132","Valeur","210011","Nombre de personnes sous-alimentées (millions) (moyenne sur 3 ans)","20162018","2016-2018","millions No","","Q","Valeur manquante; supprimée",""
"FS","Données de la sécurité alimentaire","056","Belgique","6132","Valeur","210011","Nombre de personnes sous-alimentées (millions) (moyenne sur 3 ans)","20162018","2016-2018","millions No","","Q","Valeur manquante; supprimée",""
"FS","Données de la sécurité alimentaire","084","Belize","6132","Valeur","210011","Nombre de personnes sous-alimentées (millions) (moyenne sur 3 ans)","20162018","2016-2018","millions No","<0.1","E","Valeur estimée",""
"FS","Données de la sécurité alimentaire","204","Bénin","6132","Valeur","210011","Nombre de personnes sous-alimentées (millions) (moyenne sur 3 ans)","20162018","2016-2018","millions No","1.1","E","Valeur estimée",""
"FS","Données de la sécurité alimentaire","060","Bermudes","6132","Valeur","210011","Nombre de personnes sous-alimentées (millions) (moyenne sur 3 ans)","20162018","2016-2018","millions No","","O","Valeur manquante",""
"FS","Données de la sécurité alimentaire","064","Bhoutan","6132","Valeur","210011","Nombre de personnes sous-alimentées (millions) (moyenne sur 3 ans)","20162018","2016-2018","millions No","","O","Valeur manquante",""
"FS","Données de la sécurité alimentaire","068","Bolivie (État plurinational de)","6132","Valeur","210011","Nombre de personnes sous-alimentées (millions) (moyenne sur 3 ans)","20162018","2016-2018","millions No","1.6","E","Valeur estimée",""
"FS","Données de la sécurité alimentaire","070","Bosnie-Herzégovine","6132","Valeur","210011","Nombre de personnes sous-alimentées (millions) (moyenne sur 3 ans)","20162018","2016-2018","millions No","","Q","Valeur manquante; supprimée",""
"FS","Données de la sécurité alimentaire","072","Botswana","6132","Valeur","210011","Nombre de personnes sous-alimentées (millions) (moyenne sur 3 ans)","20162018","2016-2018","millions No","0.6","E","Valeur estimée",""
"FS","Données de la sécurité alimentaire","076","Brésil","6132","Valeur","210011","Nombre de personnes sous-alimentées (millions) (moyenne sur 3 ans)","20162018","2016-2018","millions No","","Q","Valeur manquante; supprimée",""
"FS","Données de la sécurité alimentaire","096","Brunéi Darussalam","6132","Valeur","210011","Nombre de personnes sous-alimentées (millions) (moyenne sur 3 ans)","20162018","2016-2018","millions No","","O","Valeur manquante",""
"FS","Données de la sécurité alimentaire","100","Bulgarie","6132","Valeur","210011","Nombre de personnes sous-alimentées (millions) (moyenne sur 3 ans)","20162018","2016-2018","millions No","0.2","E","Valeur estimée",""
"FS","Données de la sécurité alimentaire","854","Burkina Faso","6132","Valeur","210011","Nombre de personnes sous-alimentées (millions) (moyenne sur 3 ans)","20162018","2016-2018","millions No","2.7","E","Valeur estimée",""
"FS","Données de la sécurité alimentaire","108","Burundi","6132","Valeur","210011","Nombre de personnes sous-alimentées (millions) (moyenne sur 3 ans)","20162018","2016-2018","millions No","","O","Valeur manquante",""
"FS","Données de la sécurité alimentaire","132","Cabo Verde","6132","Valeur","210011","Nombre de personnes sous-alimentées (millions) (moyenne sur 3 ans)","20162018","2016-2018","millions No","0.1","E","Valeur estimée",""
"FS","Données de la sécurité alimentaire","116","Cambodge","6132","Valeur","210011","Nombre de personnes sous-alimentées (millions) (moyenne sur 3 ans)","20162018","2016-2018","millions No","0.9","E","Valeur estimée",""
"FS","Données de la sécurité alimentaire","120","Cameroun","6132","Valeur","210011","Nombre de personnes sous-alimentées (millions) (moyenne sur 3 ans)","20162018","2016-2018","millions No","1.4","E","Valeur estimée",""
"FS","Données de la sécurité alimentaire","124","Canada","6132","Valeur","210011","Nombre de personnes sous-alimentées (millions) (moyenne sur 3 ans)","20162018","2016-2018","millions No","","Q","Valeur manquante; supprimée",""
"FS","Données de la sécurité alimentaire","152","Chili","6132","Valeur","210011","Nombre de personnes sous-alimentées (millions) (moyenne sur 3 ans)","20162018","2016-2018","millions No","0.5","E","Valeur estimée",""
"FS","Données de la sécurité alimentaire","159","Chine","6132","Valeur","210011","Nombre de personnes sous-alimentées (millions) (moyenne sur 3 ans)","20162018","2016-2018","millions No","","Q","Valeur manquante; supprimée",""
"FS","Données de la sécurité alimentaire","344","Chine - RAS de Hong-Kong","6132","Valeur","210011","Nombre de personnes sous-alimentées (millions) (moyenne sur 3 ans)","20162018","2016-2018","millions No","","Q","Valeur manquante; supprimée",""
"FS","Données de la sécurité alimentaire","446","Chine - RAS de Macao","6132","Valeur","210011","Nombre de personnes sous-alimentées (millions) (moyenne sur 3 ans)","20162018","2016-2018","millions No","<0.1","E","Valeur estimée",""
"FS","Données de la sécurité alimentaire","156","Chine, continentale","6132","Valeur","210011","Nombre de personnes sous-alimentées (millions) (moyenne sur 3 ans)","20162018","2016-2018","millions No","","Q","Valeur manquante; supprimée",""
"FS","Données de la sécurité alimentaire","158","Chine, Taiwan Province de","6132","Valeur","210011","Nombre de personnes sous-alimentées (millions) (moyenne sur 3 ans)","20162018","2016-2018","millions No","1","E","Valeur estimée",""
"FS","Données de la sécurité alimentaire","196","Chypre","6132","Valeur","210011","Nombre de personnes sous-alimentées (millions) (moyenne sur 3 ans)","20162018","2016-2018","millions No","","Q","Valeur manquante; supprimée",""
"FS","Données de la sécurité alimentaire","170","Colombie","6132","Valeur","210011","Nombre de personnes sous-alimentées (millions) (moyenne sur 3 ans)","20162018","2016-2018","millions No","2.1","E","Valeur estimée",""
"FS","Données de la sécurité alimentaire","174","Comores","6132","Valeur","210011","Nombre de personnes sous-alimentées (millions) (moyenne sur 3 ans)","20162018","2016-2018","millions No","0.1","E","Valeur estimée",""
"FS","Données de la sécurité alimentaire","178","Congo","6132","Valeur","210011","Nombre de personnes sous-alimentées (millions) (moyenne sur 3 ans)","20162018","2016-2018","millions No","1.6","E","Valeur estimée",""
"FS","Données de la sécurité alimentaire","188","Costa Rica","6132","Valeur","210011","Nombre de personnes sous-alimentées (millions) (moyenne sur 3 ans)","20162018","2016-2018","millions No","0.2","E","Valeur estimée",""
"FS","Données de la sécurité alimentaire","384","Côte d'Ivoire","6132","Valeur","210011","Nombre de personnes sous-alimentées (millions) (moyenne sur 3 ans)","20162018","2016-2018","millions No","2.4","E","Valeur estimée",""
"FS","Données de la sécurité alimentaire","191","Croatie","6132","Valeur","210011","Nombre de personnes sous-alimentées (millions) (moyenne sur 3 ans)","20162018","2016-2018","millions No","","Q","Valeur manquante; supprimée",""
"FS","Données de la sécurité alimentaire","192","Cuba","6132","Valeur","210011","Nombre de personnes sous-alimentées (millions) (moyenne sur 3 ans)","20162018","2016-2018","millions No","","Q","Valeur manquante; supprimée",""
"FS","Données de la sécurité alimentaire","208","Danemark","6132","Valeur","210011","Nombre de personnes sous-alimentées (millions) (moyenne sur 3 ans)","20162018","2016-2018","millions No","","Q","Valeur manquante; supprimée",""
"FS","Données de la sécurité alimentaire","262","Djibouti","6132","Valeur","210011","Nombre de personnes sous-alimentées (millions) (moyenne sur 3 ans)","20162018","2016-2018","millions No","0.2","E","Valeur estimée",""
"FS","Données de la sécurité alimentaire","212","Dominique","6132","Valeur","210011","Nombre de personnes sous-alimentées (millions) (moyenne sur 3 ans)","20162018","2016-2018","millions No","<0.1","E","Valeur estimée",""
"FS","Données de la sécurité alimentaire","818","Égypte","6132","Valeur","210011","Nombre de personnes sous-alimentées (millions) (moyenne sur 3 ans)","20162018","2016-2018","millions No","6.5","E","Valeur estimée",""
"FS","Données de la sécurité alimentaire","222","El Salvador","6132","Valeur","210011","Nombre de personnes sous-alimentées (millions) (moyenne sur 3 ans)","20162018","2016-2018","millions No","0.5","E","Valeur estimée",""
"FS","Données de la sécurité alimentaire","784","Émirats arabes unis","6132","Valeur","210011","Nombre de personnes sous-alimentées (millions) (moyenne sur 3 ans)","20162018","2016-2018","millions No","0.4","E","Valeur estimée",""
"FS","Données de la sécurité alimentaire","218","Équateur","6132","Valeur","210011","Nombre de personnes sous-alimentées (millions) (moyenne sur 3 ans)","20162018","2016-2018","millions No","1.8","E","Valeur estimée",""
"FS","Données de la sécurité alimentaire","232","Érythrée","6132","Valeur","210011","Nombre de personnes sous-alimentées (millions) (moyenne sur 3 ans)","20162018","2016-2018","millions No","","O","Valeur manquante",""
"FS","Données de la sécurité alimentaire","724","Espagne","6132","Valeur","210011","Nombre de personnes sous-alimentées (millions) (moyenne sur 3 ans)","20162018","2016-2018","millions No","","Q","Valeur manquante; supprimée",""
"FS","Données de la sécurité alimentaire","233","Estonie","6132","Valeur","210011","Nombre de personnes sous-alimentées (millions) (moyenne sur 3 ans)","20162018","2016-2018","millions No","","Q","Valeur manquante; supprimée",""
"FS","Données de la sécurité alimentaire","748","Eswatini","6132","Valeur","210011","Nombre de personnes sous-alimentées (millions) (moyenne sur 3 ans)","20162018","2016-2018","millions No","0.2","E","Valeur estimée",""
"FS","Données de la sécurité alimentaire","840","États-Unis d'Amérique","6132","Valeur","210011","Nombre de personnes sous-alimentées (millions) (moyenne sur 3 ans)","20162018","2016-2018","millions No","","Q","Valeur manquante; supprimée",""
"FS","Données de la sécurité alimentaire","231","Éthiopie","6132","Valeur","210011","Nombre de personnes sous-alimentées (millions) (moyenne sur 3 ans)","20162018","2016-2018","millions No","16.8","E","Valeur estimée",""
"FS","Données de la sécurité alimentaire","643","Fédération de Russie","6132","Valeur","210011","Nombre de personnes sous-alimentées (millions) (moyenne sur 3 ans)","20162018","2016-2018","millions No","","Q","Valeur manquante; supprimée",""
"FS","Données de la sécurité alimentaire","242","Fidji","6132","Valeur","210011","Nombre de personnes sous-alimentées (millions) (moyenne sur 3 ans)","20162018","2016-2018","millions No","<0.1","E","Valeur estimée",""
"FS","Données de la sécurité alimentaire","246","Finlande","6132","Valeur","210011","Nombre de personnes sous-alimentées (millions) (moyenne sur 3 ans)","20162018","2016-2018","millions No","","Q","Valeur manquante; supprimée",""
"FS","Données de la sécurité alimentaire","250","France","6132","Valeur","210011","Nombre de personnes sous-alimentées (millions) (moyenne sur 3 ans)","20162018","2016-2018","millions No","","Q","Valeur manquante; supprimée",""
"FS","Données de la sécurité alimentaire","266","Gabon","6132","Valeur","210011","Nombre de personnes sous-alimentées (millions) (moyenne sur 3 ans)","20162018","2016-2018","millions No","0.4","E","Valeur estimée",""
"FS","Données de la sécurité alimentaire","270","Gambie","6132","Valeur","210011","Nombre de personnes sous-alimentées (millions) (moyenne sur 3 ans)","20162018","2016-2018","millions No","0.4","E","Valeur estimée",""
"FS","Données de la sécurité alimentaire","268","Géorgie","6132","Valeur","210011","Nombre de personnes sous-alimentées (millions) (moyenne sur 3 ans)","20162018","2016-2018","millions No","0.1","E","Valeur estimée",""
"FS","Données de la sécurité alimentaire","288","Ghana","6132","Valeur","210011","Nombre de personnes sous-alimentées (millions) (moyenne sur 3 ans)","20162018","2016-2018","millions No","2.3","E","Valeur estimée",""
"FS","Données de la sécurité alimentaire","300","Grèce","6132","Valeur","210011","Nombre de personnes sous-alimentées (millions) (moyenne sur 3 ans)","20162018","2016-2018","millions No","","Q","Valeur manquante; supprimée",""
"FS","Données de la sécurité alimentaire","308","Grenade","6132","Valeur","210011","Nombre de personnes sous-alimentées (millions) (moyenne sur 3 ans)","20162018","2016-2018","millions No","","O","Valeur manquante",""
"FS","Données de la sécurité alimentaire","304","Groenland","6132","Valeur","210011","Nombre de personnes sous-alimentées (millions) (moyenne sur 3 ans)","20162018","2016-2018","millions No","","O","Valeur manquante",""
"FS","Données de la sécurité alimentaire","320","Guatemala","6132","Valeur","210011","Nombre de personnes sous-alimentées (millions) (moyenne sur 3 ans)","20162018","2016-2018","millions No","2.4","E","Valeur estimée",""
"FS","Données de la sécurité alimentaire","324","Guinée","6132","Valeur","210011","Nombre de personnes sous-alimentées (millions) (moyenne sur 3 ans)","20162018","2016-2018","millions No","1.6","E","Valeur estimée",""
"FS","Données de la sécurité alimentaire","226","Guinée équatoriale","6132","Valeur","210011","Nombre de personnes sous-alimentées (millions) (moyenne sur 3 ans)","20162018","2016-2018","millions No","","O","Valeur manquante",""
"FS","Données de la sécurité alimentaire","624","Guinée-Bissau","6132","Valeur","210011","Nombre de personnes sous-alimentées (millions) (moyenne sur 3 ans)","20162018","2016-2018","millions No","0.6","E","Valeur estimée",""
"FS","Données de la sécurité alimentaire","328","Guyana","6132","Valeur","210011","Nombre de personnes sous-alimentées (millions) (moyenne sur 3 ans)","20162018","2016-2018","millions No","<0.1","E","Valeur estimée",""
"FS","Données de la sécurité alimentaire","332","Haïti","6132","Valeur","210011","Nombre de personnes sous-alimentées (millions) (moyenne sur 3 ans)","20162018","2016-2018","millions No","4.5","E","Valeur estimée",""
"FS","Données de la sécurité alimentaire","340","Honduras","6132","Valeur","210011","Nombre de personnes sous-alimentées (millions) (moyenne sur 3 ans)","20162018","2016-2018","millions No","1.4","E","Valeur estimée",""
"FS","Données de la sécurité alimentaire","348","Hongrie","6132","Valeur","210011","Nombre de personnes sous-alimentées (millions) (moyenne sur 3 ans)","20162018","2016-2018","millions No","","Q","Valeur manquante; supprimée",""
"FS","Données de la sécurité alimentaire","184","Îles Cook","6132","Valeur","210011","Nombre de personnes sous-alimentées (millions) (moyenne sur 3 ans)","20162018","2016-2018","millions No","","O","Valeur manquante",""
"FS","Données de la sécurité alimentaire","584","Îles Marshall","6132","Valeur","210011","Nombre de personnes sous-alimentées (millions) (moyenne sur 3 ans)","20162018","2016-2018","millions No","","O","Valeur manquante",""
"FS","Données de la sécurité alimentaire","090","Îles Salomon","6132","Valeur","210011","Nombre de personnes sous-alimentées (millions) (moyenne sur 3 ans)","20162018","2016-2018","millions No","0.1","E","Valeur estimée",""
"FS","Données de la sécurité alimentaire","356","Inde","6132","Valeur","210011","Nombre de personnes sous-alimentées (millions) (moyenne sur 3 ans)","20162018","2016-2018","millions No","174.3","E","Valeur estimée",""
"FS","Données de la sécurité alimentaire","360","Indonésie","6132","Valeur","210011","Nombre de personnes sous-alimentées (millions) (moyenne sur 3 ans)","20162018","2016-2018","millions No","15.9","E","Valeur estimée",""
"FS","Données de la sécurité alimentaire","364","Iran (République islamique d')","6132","Valeur","210011","Nombre de personnes sous-alimentées (millions) (moyenne sur 3 ans)","20162018","2016-2018","millions No","6.1","E","Valeur estimée",""
"FS","Données de la sécurité alimentaire","368","Iraq","6132","Valeur","210011","Nombre de personnes sous-alimentées (millions) (moyenne sur 3 ans)","20162018","2016-2018","millions No","6.9","E","Valeur estimée",""
"FS","Données de la sécurité alimentaire","372","Irlande","6132","Valeur","210011","Nombre de personnes sous-alimentées (millions) (moyenne sur 3 ans)","20162018","2016-2018","millions No","","Q","Valeur manquante; supprimée",""
"FS","Données de la sécurité alimentaire","352","Islande","6132","Valeur","210011","Nombre de personnes sous-alimentées (millions) (moyenne sur 3 ans)","20162018","2016-2018","millions No","","Q","Valeur manquante; supprimée",""
"FS","Données de la sécurité alimentaire","376","Israël","6132","Valeur","210011","Nombre de personnes sous-alimentées (millions) (moyenne sur 3 ans)","20162018","2016-2018","millions No","","Q","Valeur manquante; supprimée",""
"FS","Données de la sécurité alimentaire","380","Italie","6132","Valeur","210011","Nombre de personnes sous-alimentées (millions) (moyenne sur 3 ans)","20162018","2016-2018","millions No","","Q","Valeur manquante; supprimée",""
"FS","Données de la sécurité alimentaire","388","Jamaïque","6132","Valeur","210011","Nombre de personnes sous-alimentées (millions) (moyenne sur 3 ans)","20162018","2016-2018","millions No","0.2","E","Valeur estimée",""
"FS","Données de la sécurité alimentaire","392","Japon","6132","Valeur","210011","Nombre de personnes sous-alimentées (millions) (moyenne sur 3 ans)","20162018","2016-2018","millions No","","Q","Valeur manquante; supprimée",""
"FS","Données de la sécurité alimentaire","400","Jordanie","6132","Valeur","210011","Nombre de personnes sous-alimentées (millions) (moyenne sur 3 ans)","20162018","2016-2018","millions No","","O","Valeur manquante",""
"FS","Données de la sécurité alimentaire","398","Kazakhstan","6132","Valeur","210011","Nombre de personnes sous-alimentées (millions) (moyenne sur 3 ans)","20162018","2016-2018","millions No","","Q","Valeur manquante; supprimée",""
"FS","Données de la sécurité alimentaire","404","Kenya","6132","Valeur","210011","Nombre de personnes sous-alimentées (millions) (moyenne sur 3 ans)","20162018","2016-2018","millions No","11.2","E","Valeur estimée",""
"FS","Données de la sécurité alimentaire","417","Kirghizistan","6132","Valeur","210011","Nombre de personnes sous-alimentées (millions) (moyenne sur 3 ans)","20162018","2016-2018","millions No","0.3","E","Valeur estimée",""
"FS","Données de la sécurité alimentaire","296","Kiribati","6132","Valeur","210011","Nombre de personnes sous-alimentées (millions) (moyenne sur 3 ans)","20162018","2016-2018","millions No","<0.1","E","Valeur estimée",""
"FS","Données de la sécurité alimentaire","414","Koweït","6132","Valeur","210011","Nombre de personnes sous-alimentées (millions) (moyenne sur 3 ans)","20162018","2016-2018","millions No","","Q","Valeur manquante; supprimée",""
"FS","Données de la sécurité alimentaire","426","Lesotho","6132","Valeur","210011","Nombre de personnes sous-alimentées (millions) (moyenne sur 3 ans)","20162018","2016-2018","millions No","0.7","E","Valeur estimée",""
"FS","Données de la sécurité alimentaire","428","Lettonie","6132","Valeur","210011","Nombre de personnes sous-alimentées (millions) (moyenne sur 3 ans)","20162018","2016-2018","millions No","","Q","Valeur manquante; supprimée",""
"FS","Données de la sécurité alimentaire","422","Liban","6132","Valeur","210011","Nombre de personnes sous-alimentées (millions) (moyenne sur 3 ans)","20162018","2016-2018","millions No","","O","Valeur manquante",""
"FS","Données de la sécurité alimentaire","430","Libéria","6132","Valeur","210011","Nombre de personnes sous-alimentées (millions) (moyenne sur 3 ans)","20162018","2016-2018","millions No","1.7","E","Valeur estimée",""
"FS","Données de la sécurité alimentaire","434","Libye","6132","Valeur","210011","Nombre de personnes sous-alimentées (millions) (moyenne sur 3 ans)","20162018","2016-2018","millions No","0.4","E","Valeur estimée",""
"FS","Données de la sécurité alimentaire","440","Lituanie","6132","Valeur","210011","Nombre de personnes sous-alimentées (millions) (moyenne sur 3 ans)","20162018","2016-2018","millions No","","Q","Valeur manquante; supprimée",""
"FS","Données de la sécurité alimentaire","442","Luxembourg","6132","Valeur","210011","Nombre de personnes sous-alimentées (millions) (moyenne sur 3 ans)","20162018","2016-2018","millions No","","Q","Valeur manquante; supprimée",""
"FS","Données de la sécurité alimentaire","807","Macédoine du Nord","6132","Valeur","210011","Nombre de personnes sous-alimentées (millions) (moyenne sur 3 ans)","20162018","2016-2018","millions No","<0.1","E","Valeur estimée",""
"FS","Données de la sécurité alimentaire","450","Madagascar","6132","Valeur","210011","Nombre de personnes sous-alimentées (millions) (moyenne sur 3 ans)","20162018","2016-2018","millions No","11.2","E","Valeur estimée",""
"FS","Données de la sécurité alimentaire","458","Malaisie","6132","Valeur","210011","Nombre de personnes sous-alimentées (millions) (moyenne sur 3 ans)","20162018","2016-2018","millions No","1.7","E","Valeur estimée",""
"FS","Données de la sécurité alimentaire","454","Malawi","6132","Valeur","210011","Nombre de personnes sous-alimentées (millions) (moyenne sur 3 ans)","20162018","2016-2018","millions No","2.7","E","Valeur estimée",""
"FS","Données de la sécurité alimentaire","462","Maldives","6132","Valeur","210011","Nombre de personnes sous-alimentées (millions) (moyenne sur 3 ans)","20162018","2016-2018","millions No","","O","Valeur manquante",""
"FS","Données de la sécurité alimentaire","466","Mali","6132","Valeur","210011","Nombre de personnes sous-alimentées (millions) (moyenne sur 3 ans)","20162018","2016-2018","millions No","0.8","E","Valeur estimée",""
"FS","Données de la sécurité alimentaire","470","Malte","6132","Valeur","210011","Nombre de personnes sous-alimentées (millions) (moyenne sur 3 ans)","20162018","2016-2018","millions No","","Q","Valeur manquante; supprimée",""
"FS","Données de la sécurité alimentaire","504","Maroc","6132","Valeur","210011","Nombre de personnes sous-alimentées (millions) (moyenne sur 3 ans)","20162018","2016-2018","millions No","1.3","E","Valeur estimée",""
"FS","Données de la sécurité alimentaire","480","Maurice","6132","Valeur","210011","Nombre de personnes sous-alimentées (millions) (moyenne sur 3 ans)","20162018","2016-2018","millions No","<0.1","E","Valeur estimée",""
"FS","Données de la sécurité alimentaire","478","Mauritanie","6132","Valeur","210011","Nombre de personnes sous-alimentées (millions) (moyenne sur 3 ans)","20162018","2016-2018","millions No","0.3","E","Valeur estimée",""
"FS","Données de la sécurité alimentaire","484","Mexique","6132","Valeur","210011","Nombre de personnes sous-alimentées (millions) (moyenne sur 3 ans)","20162018","2016-2018","millions No","4.7","E","Valeur estimée",""
"FS","Données de la sécurité alimentaire","583","Micronésie (États fédérés de)","6132","Valeur","210011","Nombre de personnes sous-alimentées (millions) (moyenne sur 3 ans)","20162018","2016-2018","millions No","","O","Valeur manquante",""
"FS","Données de la sécurité alimentaire","496","Mongolie","6132","Valeur","210011","Nombre de personnes sous-alimentées (millions) (moyenne sur 3 ans)","20162018","2016-2018","millions No","0.2","E","Valeur estimée",""
"FS","Données de la sécurité alimentaire","499","Monténégro","6132","Valeur","210011","Nombre de personnes sous-alimentées (millions) (moyenne sur 3 ans)","20162018","2016-2018","millions No","","Q","Valeur manquante; supprimée",""
"FS","Données de la sécurité alimentaire","508","Mozambique","6132","Valeur","210011","Nombre de personnes sous-alimentées (millions) (moyenne sur 3 ans)","20162018","2016-2018","millions No","10.1","E","Valeur estimée",""
"FS","Données de la sécurité alimentaire","104","Myanmar","6132","Valeur","210011","Nombre de personnes sous-alimentées (millions) (moyenne sur 3 ans)","20162018","2016-2018","millions No","1.6","E","Valeur estimée",""
"FS","Données de la sécurité alimentaire","516","Namibie","6132","Valeur","210011","Nombre de personnes sous-alimentées (millions) (moyenne sur 3 ans)","20162018","2016-2018","millions No","0.4","E","Valeur estimée",""
"FS","Données de la sécurité alimentaire","520","Nauru","6132","Valeur","210011","Nombre de personnes sous-alimentées (millions) (moyenne sur 3 ans)","20162018","2016-2018","millions No","","O","Valeur manquante",""
"FS","Données de la sécurité alimentaire","524","Népal","6132","Valeur","210011","Nombre de personnes sous-alimentées (millions) (moyenne sur 3 ans)","20162018","2016-2018","millions No","1.4","E","Valeur estimée",""
"FS","Données de la sécurité alimentaire","558","Nicaragua","6132","Valeur","210011","Nombre de personnes sous-alimentées (millions) (moyenne sur 3 ans)","20162018","2016-2018","millions No","1.1","E","Valeur estimée",""
"FS","Données de la sécurité alimentaire","562","Niger","6132","Valeur","210011","Nombre de personnes sous-alimentées (millions) (moyenne sur 3 ans)","20162018","2016-2018","millions No","2.4","E","Valeur estimée",""
"FS","Données de la sécurité alimentaire","566","Nigéria","6132","Valeur","210011","Nombre de personnes sous-alimentées (millions) (moyenne sur 3 ans)","20162018","2016-2018","millions No","19.6","E","Valeur estimée",""
"FS","Données de la sécurité alimentaire","570","Nioué","6132","Valeur","210011","Nombre de personnes sous-alimentées (millions) (moyenne sur 3 ans)","20162018","2016-2018","millions No","","O","Valeur manquante",""
"FS","Données de la sécurité alimentaire","578","Norvège","6132","Valeur","210011","Nombre de personnes sous-alimentées (millions) (moyenne sur 3 ans)","20162018","2016-2018","millions No","","Q","Valeur manquante; supprimée",""
"FS","Données de la sécurité alimentaire","540","Nouvelle-Calédonie","6132","Valeur","210011","Nombre de personnes sous-alimentées (millions) (moyenne sur 3 ans)","20162018","2016-2018","millions No","<0.1","E","Valeur estimée",""
"FS","Données de la sécurité alimentaire","554","Nouvelle-Zélande","6132","Valeur","210011","Nombre de personnes sous-alimentées (millions) (moyenne sur 3 ans)","20162018","2016-2018","millions No","","Q","Valeur manquante; supprimée",""
"FS","Données de la sécurité alimentaire","512","Oman","6132","Valeur","210011","Nombre de personnes sous-alimentées (millions) (moyenne sur 3 ans)","20162018","2016-2018","millions No","0.3","E","Valeur estimée",""
"FS","Données de la sécurité alimentaire","800","Ouganda","6132","Valeur","210011","Nombre de personnes sous-alimentées (millions) (moyenne sur 3 ans)","20162018","2016-2018","millions No","14.2","E","Valeur estimée",""
"FS","Données de la sécurité alimentaire","860","Ouzbékistan","6132","Valeur","210011","Nombre de personnes sous-alimentées (millions) (moyenne sur 3 ans)","20162018","2016-2018","millions No","","Q","Valeur manquante; supprimée",""
"FS","Données de la sécurité alimentaire","586","Pakistan","6132","Valeur","210011","Nombre de personnes sous-alimentées (millions) (moyenne sur 3 ans)","20162018","2016-2018","millions No","23.4","E","Valeur estimée",""
"FS","Données de la sécurité alimentaire","585","Palaos","6132","Valeur","210011","Nombre de personnes sous-alimentées (millions) (moyenne sur 3 ans)","20162018","2016-2018","millions No","","O","Valeur manquante",""
"FS","Données de la sécurité alimentaire","275","Palestine","6132","Valeur","210011","Nombre de personnes sous-alimentées (millions) (moyenne sur 3 ans)","20162018","2016-2018","millions No","","O","Valeur manquante",""
"FS","Données de la sécurité alimentaire","591","Panama","6132","Valeur","210011","Nombre de personnes sous-alimentées (millions) (moyenne sur 3 ans)","20162018","2016-2018","millions No","0.2","E","Valeur estimée",""
"FS","Données de la sécurité alimentaire","598","Papouasie-Nouvelle-Guinée","6132","Valeur","210011","Nombre de personnes sous-alimentées (millions) (moyenne sur 3 ans)","20162018","2016-2018","millions No","2.1","E","Valeur estimée",""
"FS","Données de la sécurité alimentaire","600","Paraguay","6132","Valeur","210011","Nombre de personnes sous-alimentées (millions) (moyenne sur 3 ans)","20162018","2016-2018","millions No","0.2","E","Valeur estimée",""
"FS","Données de la sécurité alimentaire","604","Pérou","6132","Valeur","210011","Nombre de personnes sous-alimentées (millions) (moyenne sur 3 ans)","20162018","2016-2018","millions No","2","E","Valeur estimée",""
"FS","Données de la sécurité alimentaire","608","Philippines","6132","Valeur","210011","Nombre de personnes sous-alimentées (millions) (moyenne sur 3 ans)","20162018","2016-2018","millions No","6.9","E","Valeur estimée",""
"FS","Données de la sécurité alimentaire","616","Pologne","6132","Valeur","210011","Nombre de personnes sous-alimentées (millions) (moyenne sur 3 ans)","20162018","2016-2018","millions No","","Q","Valeur manquante; supprimée",""
"FS","Données de la sécurité alimentaire","258","Polynésie française","6132","Valeur","210011","Nombre de personnes sous-alimentées (millions) (moyenne sur 3 ans)","20162018","2016-2018","millions No","<0.1","E","Valeur estimée",""
"FS","Données de la sécurité alimentaire","630","Porto Rico","6132","Valeur","210011","Nombre de personnes sous-alimentées (millions) (moyenne sur 3 ans)","20162018","2016-2018","millions No","","O","Valeur manquante",""
"FS","Données de la sécurité alimentaire","620","Portugal","6132","Valeur","210011","Nombre de personnes sous-alimentées (millions) (moyenne sur 3 ans)","20162018","2016-2018","millions No","","Q","Valeur manquante; supprimée",""
"FS","Données de la sécurité alimentaire","634","Qatar","6132","Valeur","210011","Nombre de personnes sous-alimentées (millions) (moyenne sur 3 ans)","20162018","2016-2018","millions No","","O","Valeur manquante",""
"FS","Données de la sécurité alimentaire","760","République arabe syrienne","6132","Valeur","210011","Nombre de personnes sous-alimentées (millions) (moyenne sur 3 ans)","20162018","2016-2018","millions No","3.2","E","Valeur estimée",""
"FS","Données de la sécurité alimentaire","140","République centrafricaine","6132","Valeur","210011","Nombre de personnes sous-alimentées (millions) (moyenne sur 3 ans)","20162018","2016-2018","millions No","2.3","E","Valeur estimée",""
"FS","Données de la sécurité alimentaire","410","République de Corée","6132","Valeur","210011","Nombre de personnes sous-alimentées (millions) (moyenne sur 3 ans)","20162018","2016-2018","millions No","","Q","Valeur manquante; supprimée",""
"FS","Données de la sécurité alimentaire","498","République de Moldova","6132","Valeur","210011","Nombre de personnes sous-alimentées (millions) (moyenne sur 3 ans)","20162018","2016-2018","millions No","","Q","Valeur manquante; supprimée",""
"FS","Données de la sécurité alimentaire","180","République démocratique du Congo","6132","Valeur","210011","Nombre de personnes sous-alimentées (millions) (moyenne sur 3 ans)","20162018","2016-2018","millions No","26.3","E","Valeur estimée",""
"FS","Données de la sécurité alimentaire","418","République démocratique populaire lao","6132","Valeur","210011","Nombre de personnes sous-alimentées (millions) (moyenne sur 3 ans)","20162018","2016-2018","millions No","0.4","E","Valeur estimée",""
"FS","Données de la sécurité alimentaire","214","République dominicaine","6132","Valeur","210011","Nombre de personnes sous-alimentées (millions) (moyenne sur 3 ans)","20162018","2016-2018","millions No","0.6","E","Valeur estimée",""
"FS","Données de la sécurité alimentaire","408","République populaire démocratique de Corée","6132","Valeur","210011","Nombre de personnes sous-alimentées (millions) (moyenne sur 3 ans)","20162018","2016-2018","millions No","11","E","Valeur estimée",""
"FS","Données de la sécurité alimentaire","834","République-Unie de Tanzanie","6132","Valeur","210011","Nombre de personnes sous-alimentées (millions) (moyenne sur 3 ans)","20162018","2016-2018","millions No","12.3","E","Valeur estimée",""
"FS","Données de la sécurité alimentaire","642","Roumanie","6132","Valeur","210011","Nombre de personnes sous-alimentées (millions) (moyenne sur 3 ans)","20162018","2016-2018","millions No","","Q","Valeur manquante; supprimée",""
"FS","Données de la sécurité alimentaire","826","Royaume-Uni de Grande-Bretagne et d'Irlande du Nord","6132","Valeur","210011","Nombre de personnes sous-alimentées (millions) (moyenne sur 3 ans)","20162018","2016-2018","millions No","","Q","Valeur manquante; supprimée",""
"FS","Données de la sécurité alimentaire","646","Rwanda","6132","Valeur","210011","Nombre de personnes sous-alimentées (millions) (moyenne sur 3 ans)","20162018","2016-2018","millions No","3.8","E","Valeur estimée",""
"FS","Données de la sécurité alimentaire","662","Sainte-Lucie","6132","Valeur","210011","Nombre de personnes sous-alimentées (millions) (moyenne sur 3 ans)","20162018","2016-2018","millions No","","O","Valeur manquante",""
"FS","Données de la sécurité alimentaire","659","Saint-Kitts-et-Nevis","6132","Valeur","210011","Nombre de personnes sous-alimentées (millions) (moyenne sur 3 ans)","20162018","2016-2018","millions No","","O","Valeur manquante",""
"FS","Données de la sécurité alimentaire","670","Saint-Vincent-et-les Grenadines","6132","Valeur","210011","Nombre de personnes sous-alimentées (millions) (moyenne sur 3 ans)","20162018","2016-2018","millions No","<0.1","E","Valeur estimée",""
"FS","Données de la sécurité alimentaire","882","Samoa","6132","Valeur","210011","Nombre de personnes sous-alimentées (millions) (moyenne sur 3 ans)","20162018","2016-2018","millions No","<0.1","E","Valeur estimée",""
"FS","Données de la sécurité alimentaire","016","Samoa américaines","6132","Valeur","210011","Nombre de personnes sous-alimentées (millions) (moyenne sur 3 ans)","20162018","2016-2018","millions No","","O","Valeur manquante",""
"FS","Données de la sécurité alimentaire","678","Sao Tomé-et-Principe","6132","Valeur","210011","Nombre de personnes sous-alimentées (millions) (moyenne sur 3 ans)","20162018","2016-2018","millions No","<0.1","E","Valeur estimée",""
"FS","Données de la sécurité alimentaire","686","Sénégal","6132","Valeur","210011","Nombre de personnes sous-alimentées (millions) (moyenne sur 3 ans)","20162018","2016-2018","millions No","1.1","E","Valeur estimée",""
"FS","Données de la sécurité alimentaire","688","Serbie","6132","Valeur","210011","Nombre de personnes sous-alimentées (millions) (moyenne sur 3 ans)","20162018","2016-2018","millions No","","Q","Valeur manquante; supprimée",""
"FS","Données de la sécurité alimentaire","690","Seychelles","6132","Valeur","210011","Nombre de personnes sous-alimentées (millions) (moyenne sur 3 ans)","20162018","2016-2018","millions No","<0.1","E","Valeur estimée",""
"FS","Données de la sécurité alimentaire","694","Sierra Leone","6132","Valeur","210011","Nombre de personnes sous-alimentées (millions) (moyenne sur 3 ans)","20162018","2016-2018","millions No","2","E","Valeur estimée",""
"FS","Données de la sécurité alimentaire","702","Singapour","6132","Valeur","210011","Nombre de personnes sous-alimentées (millions) (moyenne sur 3 ans)","20162018","2016-2018","millions No","","O","Valeur manquante",""
"FS","Données de la sécurité alimentaire","703","Slovaquie","6132","Valeur","210011","Nombre de personnes sous-alimentées (millions) (moyenne sur 3 ans)","20162018","2016-2018","millions No","0.2","E","Valeur estimée",""
"FS","Données de la sécurité alimentaire","705","Slovénie","6132","Valeur","210011","Nombre de personnes sous-alimentées (millions) (moyenne sur 3 ans)","20162018","2016-2018","millions No","","Q","Valeur manquante; supprimée",""
"FS","Données de la sécurité alimentaire","706","Somalie","6132","Valeur","210011","Nombre de personnes sous-alimentées (millions) (moyenne sur 3 ans)","20162018","2016-2018","millions No","8.4","E","Valeur estimée",""
"FS","Données de la sécurité alimentaire","729","Soudan","6132","Valeur","210011","Nombre de personnes sous-alimentées (millions) (moyenne sur 3 ans)","20162018","2016-2018","millions No","4.5","E","Valeur estimée",""
"FS","Données de la sécurité alimentaire","728","Soudan du Sud","6132","Valeur","210011","Nombre de personnes sous-alimentées (millions) (moyenne sur 3 ans)","20162018","2016-2018","millions No","","O","Valeur manquante",""
"FS","Données de la sécurité alimentaire","144","Sri Lanka","6132","Valeur","210011","Nombre de personnes sous-alimentées (millions) (moyenne sur 3 ans)","20162018","2016-2018","millions No","1.6","E","Valeur estimée",""
"FS","Données de la sécurité alimentaire","752","Suède","6132","Valeur","210011","Nombre de personnes sous-alimentées (millions) (moyenne sur 3 ans)","20162018","2016-2018","millions No","","Q","Valeur manquante; supprimée",""
"FS","Données de la sécurité alimentaire","756","Suisse","6132","Valeur","210011","Nombre de personnes sous-alimentées (millions) (moyenne sur 3 ans)","20162018","2016-2018","millions No","","Q","Valeur manquante; supprimée",""
"FS","Données de la sécurité alimentaire","740","Suriname","6132","Valeur","210011","Nombre de personnes sous-alimentées (millions) (moyenne sur 3 ans)","20162018","2016-2018","millions No","<0.1","E","Valeur estimée",""
"FS","Données de la sécurité alimentaire","762","Tadjikistan","6132","Valeur","210011","Nombre de personnes sous-alimentées (millions) (moyenne sur 3 ans)","20162018","2016-2018","millions No","1.1","E","Valeur estimée",""
"FS","Données de la sécurité alimentaire","148","Tchad","6132","Valeur","210011","Nombre de personnes sous-alimentées (millions) (moyenne sur 3 ans)","20162018","2016-2018","millions No","3.9","E","Valeur estimée",""
"FS","Données de la sécurité alimentaire","203","Tchéquie","6132","Valeur","210011","Nombre de personnes sous-alimentées (millions) (moyenne sur 3 ans)","20162018","2016-2018","millions No","","Q","Valeur manquante; supprimée",""
"FS","Données de la sécurité alimentaire","764","Thaïlande","6132","Valeur","210011","Nombre de personnes sous-alimentées (millions) (moyenne sur 3 ans)","20162018","2016-2018","millions No","4.8","E","Valeur estimée",""
"FS","Données de la sécurité alimentaire","626","Timor-Leste","6132","Valeur","210011","Nombre de personnes sous-alimentées (millions) (moyenne sur 3 ans)","20162018","2016-2018","millions No","0.3","E","Valeur estimée",""
"FS","Données de la sécurité alimentaire","768","Togo","6132","Valeur","210011","Nombre de personnes sous-alimentées (millions) (moyenne sur 3 ans)","20162018","2016-2018","millions No","1.6","E","Valeur estimée",""
"FS","Données de la sécurité alimentaire","772","Tokélaou","6132","Valeur","210011","Nombre de personnes sous-alimentées (millions) (moyenne sur 3 ans)","20162018","2016-2018","millions No","","O","Valeur manquante",""
"FS","Données de la sécurité alimentaire","776","Tonga","6132","Valeur","210011","Nombre de personnes sous-alimentées (millions) (moyenne sur 3 ans)","20162018","2016-2018","millions No","","O","Valeur manquante",""
"FS","Données de la sécurité alimentaire","780","Trinité-et-Tobago","6132","Valeur","210011","Nombre de personnes sous-alimentées (millions) (moyenne sur 3 ans)","20162018","2016-2018","millions No","0.2","E","Valeur estimée",""
"FS","Données de la sécurité alimentaire","788","Tunisie","6132","Valeur","210011","Nombre de personnes sous-alimentées (millions) (moyenne sur 3 ans)","20162018","2016-2018","millions No","0.3","E","Valeur estimée",""
"FS","Données de la sécurité alimentaire","795","Turkménistan","6132","Valeur","210011","Nombre de personnes sous-alimentées (millions) (moyenne sur 3 ans)","20162018","2016-2018","millions No","0.3","E","Valeur estimée",""
"FS","Données de la sécurité alimentaire","792","Turquie","6132","Valeur","210011","Nombre de personnes sous-alimentées (millions) (moyenne sur 3 ans)","20162018","2016-2018","millions No","","Q","Valeur manquante; supprimée",""
"FS","Données de la sécurité alimentaire","798","Tuvalu","6132","Valeur","210011","Nombre de personnes sous-alimentées (millions) (moyenne sur 3 ans)","20162018","2016-2018","millions No","","O","Valeur manquante",""
"FS","Données de la sécurité alimentaire","804","Ukraine","6132","Valeur","210011","Nombre de personnes sous-alimentées (millions) (moyenne sur 3 ans)","20162018","2016-2018","millions No","","Q","Valeur manquante; supprimée",""
"FS","Données de la sécurité alimentaire","858","Uruguay","6132","Valeur","210011","Nombre de personnes sous-alimentées (millions) (moyenne sur 3 ans)","20162018","2016-2018","millions No","","Q","Valeur manquante; supprimée",""
"FS","Données de la sécurité alimentaire","548","Vanuatu","6132","Valeur","210011","Nombre de personnes sous-alimentées (millions) (moyenne sur 3 ans)","20162018","2016-2018","millions No","<0.1","E","Valeur estimée",""
"FS","Données de la sécurité alimentaire","862","Venezuela (République bolivarienne du)","6132","Valeur","210011","Nombre de personnes sous-alimentées (millions) (moyenne sur 3 ans)","20162018","2016-2018","millions No","7","E","Valeur estimée",""
"FS","Données de la sécurité alimentaire","704","Viet Nam","6132","Valeur","210011","Nombre de personnes sous-alimentées (millions) (moyenne sur 3 ans)","20162018","2016-2018","millions No","6","E","Valeur estimée",""
"FS","Données de la sécurité alimentaire","887","Yémen","6132","Valeur","210011","Nombre de personnes sous-alimentées (millions) (moyenne sur 3 ans)","20162018","2016-2018","millions No","12.9","E","Valeur estimée",""
"FS","Données de la sécurité alimentaire","894","Zambie","6132","Valeur","210011","Nombre de personnes sous-alimentées (millions) (moyenne sur 3 ans)","20162018","2016-2018","millions No","5.1","E","Valeur estimée",""
"FS","Données de la sécurité alimentaire","716","Zimbabwe","6132","Valeur","210011","Nombre de personnes sous-alimentées (millions) (moyenne sur 3 ans)","20162018","2016-2018","millions No","5.4","E","Valeur estimée",""
